{"cameraMode":{"drawMode":0,"name":"Shaded","section":"Shading Mode"},"sceneLighting":true,"audioPlay":false,"sceneViewState":{"showFog":true,"showMaterialUpdate":false,"showSkybox":true,"showFlares":true,"showImageEffects":true,"showParticleSystems":true},"in2DMode":false,"pivot":{"x":1.1101253032684327,"y":0.9823440909385681,"z":0.5777014493942261},"rotation":{"x":0.10861293226480484,"y":-0.03577886521816254,"z":0.003914042841643095,"w":0.993435800075531},"size":2.0712482929229738,"orthographic":false}